pl_name,hostname,default_flag,discoverymethod,disc_year,pl_orbper,pl_orbpererr1,pl_orbpererr2,pl_orbperlim,pl_orbsmax,pl_orbsmaxerr1,pl_orbsmaxerr2,pl_orbsmaxlim,rastr,ra,decstr,dec,sy_dist,sy_disterr1,sy_disterr2,sy_vmag,sy_vmagerr1,sy_vmagerr2,sy_kmag,sy_kmagerr1,sy_kmagerr2,sy_gaiamag,sy_gaiamagerr1,sy_gaiamagerr2
11 Com b,11 Com,1,Radial Velocity,2007,323.21000000,0.06000000,-0.05000000,0,1.178000,0.000000,0.000000,0,12h20m42.91s,185.1787793,+17d47m35.71s,17.7932516,93.1846000,1.9238000,-1.9238000,4.7230700,0.0230000,-0.0230000,2.2820000,0.3460000,-0.3460000,4.4403800,0.0038479,-0.0038479
11 UMi b,11 UMi,1,Radial Velocity,2009,516.21997000,3.20000000,-3.20000000,0,1.530000,0.070000,-0.070000,0,15h17m05.90s,229.2745954,+71d49m26.19s,71.8239428,125.3210000,1.9765000,-1.9765000,5.0130000,0.0050000,-0.0050000,1.9390000,0.2700000,-0.2700000,4.5621600,0.0039035,-0.0039035
14 And b,14 And,1,Radial Velocity,2008,186.76000000,0.11000000,-0.12000000,0,0.775000,0.000000,0.000000,0,23h31m17.80s,352.8241500,+39d14m09.01s,39.2358367,75.4392000,0.7140000,-0.7140000,5.2313300,0.0230000,-0.0230000,2.3310000,0.2400000,-0.2400000,4.9178100,0.0028262,-0.0028262
14 Her b,14 Her,1,Radial Velocity,2002,1765.03890000,1.67709000,-1.87256000,0,2.774000,0.109000,-0.120000,0,16h10m24.50s,242.6021014,+43d48m58.90s,43.8163621,17.9323000,0.0073000,-0.0073000,6.6193500,0.0230000,-0.0230000,4.7140000,0.0160000,-0.0160000,6.3830000,0.0003512,-0.0003512
16 Cyg B b,16 Cyg B,1,Radial Velocity,1996,798.50000000,1.00000000,-1.00000000,0,1.660000,0.030000,-0.030000,0,19h41m51.75s,295.4656422,+50d31m00.57s,50.5168243,21.1397000,0.0110000,-0.0111000,6.2150000,0.0160000,-0.0160000,4.6510000,0.0160000,-0.0160000,6.0642800,0.0006029,-0.0006029
17 Sco b,17 Sco,1,Radial Velocity,2020,578.38000000,2.01000000,-2.09000000,0,1.450000,0.020000,-0.020000,0,16h13m50.90s,243.4620874,-11d50m16.05s,-11.8377905,124.9530000,2.5900000,-2.5900000,5.2260600,0.0230000,-0.0230000,2.0940000,0.2440000,-0.2440000,4.7542900,0.0050550,-0.0050550
18 Del b,18 Del,1,Radial Velocity,2008,982.85000000,1.06000000,-0.92000000,0,2.476000,0.002000,-0.002000,0,20h58m25.88s,314.6078375,+10d50m20.90s,10.8391378,76.2220000,0.6217000,-0.6217000,5.5104800,0.0230000,-0.0230000,3.3660000,0.2040000,-0.2040000,5.2747600,0.0026539,-0.0026539
1RXS J160929.1-210524 b,1RXS J160929.1-210524,1,Imaging,2008,,,,,330.000000,,,0,16h09m30.30s,242.3762343,-21d04m59.31s,-21.0831403,139.1350000,1.3320000,-1.3070000,12.6180000,0.0690000,-0.0690000,8.9160000,0.0210000,-0.0210000,12.0572000,0.0022750,-0.0022750
24 Boo b,24 Boo,1,Radial Velocity,2018,30.33000000,0.00000000,-0.01000000,0,0.194000,0.000000,0.000000,0,14h28m37.33s,217.1555242,+49d50m40.74s,49.8446488,95.9863000,0.6368500,-0.6368500,5.5900000,0.0010000,-0.0010000,3.1590000,0.2800000,-0.2800000,5.3339000,0.0019998,-0.0019998
24 Sex b,24 Sex,1,Radial Velocity,2010,452.80000000,2.10000000,-4.50000000,0,1.333000,0.004000,-0.009000,0,10h23m28.44s,155.8684866,-00d54m08.64s,-0.9023998,72.0691000,0.6854000,-0.6728000,6.4535000,0.0230000,-0.0230000,4.2850000,0.0160000,-0.0160000,6.2037400,0.0004976,-0.0004976
24 Sex c,24 Sex,1,Radial Velocity,2010,883.00000000,32.40000000,-13.80000000,0,2.080000,0.050000,-0.020000,0,10h23m28.44s,155.8684866,-00d54m08.64s,-0.9023998,72.0691000,0.6854000,-0.6728000,6.4535000,0.0230000,-0.0230000,4.2850000,0.0160000,-0.0160000,6.2037400,0.0004976,-0.0004976
2M0437 b,2MASS J04372171+2651014,1,Imaging,2021,,,,,118.000000,1.300000,-1.300000,0,04h37m21.73s,69.3405531,+26d51m01.08s,26.8502997,128.4840000,1.1960000,-1.1740000,16.1860000,1.1330000,-1.1330000,10.3860000,0.0180000,-0.0180000,14.3374000,0.0007720,-0.0007720
2MASS J01033563-5515561 AB b,2MASS J01033563-5515561 A,1,Imaging,2013,,,,,84.000000,,,0,01h03m35.82s,15.8992489,-55d15m56.98s,-55.2658291,,,,15.7880000,0.2750000,-0.2750000,9.2370010,0.0220000,-0.0220000,,,
2MASS J01225093-2439505 b,2MASS J01225093-2439505,1,Imaging,2013,,,,,52.000000,6.000000,-6.000000,0,01h22m51.07s,20.7128012,-24d39m52.61s,-24.6646128,33.8281000,0.0864000,-0.0860000,14.2440000,0.0740000,-0.0740000,9.1980000,0.0260000,-0.0260000,12.9025000,0.0011510,-0.0011510
2MASS J02192210-3925225 b,2MASS J02192210-3925225,1,Imaging,2015,,,,,156.000000,10.000000,-10.000000,0,02h19m22.25s,34.8427046,-39d25m23.08s,-39.4230767,,,,,,,10.4040000,0.0250000,-0.0250000,15.0123000,0.0006240,-0.0006240
2MASS J0249-0557 c,2MASS J0249-0557 A,1,Imaging,2018,,,,,1950.000000,200.000000,-200.000000,0,02h49m56.44s,42.4851627,-05d57m35.97s,-5.9599921,66.0613000,0.4543000,-0.4482000,18.3000000,0.2000000,-0.2000000,11.0550000,0.0210000,-0.0210000,15.6894000,0.0012240,-0.0012240
2MASS J03590986+2009361 b,2MASS J03590986+2009361,1,Imaging,2024,,,,,572.000000,7.000000,-7.000000,0,03h59m09.86s,59.7911026,+20d09m35.91s,20.1599759,117.4350000,2.3200000,-2.2330000,,,,12.5330000,0.0280000,-0.0280000,16.9967000,0.0010820,-0.0010820
2MASS J04414489+2301513 b,2MASS J04414489+2301513,1,Imaging,2010,,,,,15.000000,,,0,04h41m44.91s,70.4371079,+23d01m51.08s,23.0308544,,,,,,,13.1610000,0.0250000,-0.0250000,18.9668000,0.0068330,-0.0068330
2MASS J11011926-7732383 b,2MASS J11011926-7732383,1,Imaging,2024,,,,,266.000000,8.000000,-8.000000,0,11h01m19.09s,165.3295388,-77d32m38.73s,-77.5440912,,,,,,,11.6320000,0.0260000,-0.0260000,18.3299000,0.0022940,-0.0022940
2MASS J11550485-7919108 b,2MASS J11550485-7919108,1,Imaging,2024,,,,,587.000000,2.000000,-2.000000,0,11h55m04.60s,178.7691634,-79d19m11.12s,-79.3197558,100.8620000,0.6030000,-0.5960000,16.9570000,0.3090000,-0.3090000,10.0790000,0.0210000,-0.0210000,14.8180000,0.0017250,-0.0017250
2MASS J12073346-3932539 b,2MASS J12073346-3932539,1,Imaging,2004,,,,,55.000000,,,0,12h07m33.38s,181.8890906,-39d32m54.38s,-39.5484399,64.3080000,0.6569000,-0.6440000,,,,11.9450000,0.0260000,-0.0260000,17.4076000,0.0021540,-0.0021540
2MASS J19383260+4603591 b,2MASS J19383260+4603591,1,Eclipse Timing Variations,2015,406.00000000,4.00000000,-4.00000000,0,,,,,19h38m32.62s,294.6359173,+46d03m59.07s,46.0664076,396.3320000,6.3885000,-6.3885000,12.6510000,0.2150000,-0.2150000,12.9550000,0.0290000,-0.0290000,12.1376000,0.0036870,-0.0036870
2MASS J21252752-8138278 b,2MASS J21252752-8138278,1,Imaging,2024,,,,,7493.000000,11.000000,-11.000000,0,21h25m27.91s,321.3662989,-81d38m29.36s,-81.6414894,34.1154000,0.0811000,-0.0807000,11.8040000,0.0700000,-0.0700000,7.3410000,0.0400000,-0.0400000,10.8133000,0.0020880,-0.0020880
2MASS J22362452+4751425 b,2MASS J22362452+4751425,1,Imaging,2016,,,,,230.000000,20.000000,-20.000000,0,22h36m24.62s,339.1025931,+47d51m42.06s,47.8616830,69.5737000,0.1592000,-0.1585000,12.3680000,0.0570000,-0.0570000,9.1480000,0.0180000,-0.0180000,11.9484000,0.0007370,-0.0007370
30 Ari B b,30 Ari B,1,Radial Velocity,2009,335.10001000,2.50000000,-2.50000000,0,0.990000,0.020000,-0.020000,0,02h36m57.91s,39.2412736,+24d38m52.84s,24.6480103,44.6570000,0.1039000,-0.1034000,7.0920900,0.0230000,-0.0230000,5.8220000,0.0210000,-0.0210000,6.9608500,0.0005120,-0.0005120
4 UMa b,4 UMa,1,Radial Velocity,2006,270.27000000,0.24000000,-0.09000000,0,0.877000,0.001000,0.000000,0,08h40m12.67s,130.0528099,+64d19m40.98s,64.3280504,73.4603000,1.1860500,-1.1860500,4.5801000,0.0230000,-0.0230000,1.7340000,0.2180000,-0.2180000,4.2377300,0.0047288,-0.0047288
42 Dra b,42 Dra,1,Radial Velocity,2008,479.10000000,6.20000000,-6.20000000,0,1.190000,0.010000,-0.010000,0,18h25m59.40s,276.4975053,+65d33m48.11s,65.5633652,90.6545000,1.3227000,-1.3227000,4.8262000,0.0230000,-0.0230000,2.0850000,0.2160000,-0.2160000,4.4321600,0.0062380,-0.0062380
47 UMa b,47 UMa,1,Radial Velocity,1996,1078.00000000,2.00000000,-2.00000000,0,2.100000,0.020000,-0.020000,0,10h59m27.54s,164.8647611,+40d25m49.78s,40.4304931,13.7967000,0.0289000,-0.0289000,5.0335200,0.0230000,-0.0230000,3.7500000,0.3400000,-0.3400000,4.8783700,0.0038294,-0.0038294
47 UMa c,47 UMa,1,Radial Velocity,2001,2391.00000000,100.00000000,-87.00000000,0,3.600000,0.100000,-0.100000,0,10h59m27.54s,164.8647611,+40d25m49.78s,40.4304931,13.7967000,0.0289000,-0.0289000,5.0335200,0.0230000,-0.0230000,3.7500000,0.3400000,-0.3400000,4.8783700,0.0038294,-0.0038294
47 UMa d,47 UMa,1,Radial Velocity,2009,14002.00000000,4018.00000000,-5095.00000000,0,11.600000,2.100000,-2.900000,0,10h59m27.54s,164.8647611,+40d25m49.78s,40.4304931,13.7967000,0.0289000,-0.0289000,5.0335200,0.0230000,-0.0230000,3.7500000,0.3400000,-0.3400000,4.8783700,0.0038294,-0.0038294
51 Eri b,51 Eri,1,Imaging,2015,,,,,13.200000,0.200000,-0.200000,0,04h37m36.18s,69.4007424,-02d28m25.77s,-2.4738245,29.7575000,0.1213000,-0.1203000,5.2114900,0.0230000,-0.0230000,4.5370000,0.0240000,-0.0240000,5.1580600,0.0023075,-0.0023075
51 Peg b,51 Peg,1,Radial Velocity,1995,4.23078500,0.00003600,-0.00003600,0,0.052700,0.003000,-0.003000,0,22h57m28.21s,344.3675399,+20d46m08.74s,20.7690958,15.4614000,0.0297000,-0.0297000,5.4530900,0.0230000,-0.0230000,3.9110000,0.0210000,-0.0210000,5.2864700,0.0027680,-0.0027680
55 Cnc b,55 Cnc,1,Radial Velocity,1996,14.65160000,0.00010000,-0.00010000,0,0.113400,0.000600,-0.000600,0,08h52m35.24s,133.1468373,+28d19m47.34s,28.3298154,12.5855000,0.0124000,-0.0123000,5.9508400,0.0230000,-0.0230000,4.0150000,0.0360000,-0.0360000,5.7297300,0.0008523,-0.0008523
55 Cnc c,55 Cnc,1,Radial Velocity,2004,44.39890000,0.00420000,-0.00430000,0,0.237300,0.001300,-0.001300,0,08h52m35.24s,133.1468373,+28d19m47.34s,28.3298154,12.5855000,0.0124000,-0.0123000,5.9508400,0.0230000,-0.0230000,4.0150000,0.0360000,-0.0360000,5.7297300,0.0008523,-0.0008523
55 Cnc d,55 Cnc,1,Radial Velocity,2002,5574.20000000,93.80000000,-88.60000000,0,5.957000,0.074000,-0.071000,0,08h52m35.24s,133.1468373,+28d19m47.34s,28.3298154,12.5855000,0.0124000,-0.0123000,5.9508400,0.0230000,-0.0230000,4.0150000,0.0360000,-0.0360000,5.7297300,0.0008523,-0.0008523
55 Cnc e,55 Cnc,1,Radial Velocity,2004,0.73654740,0.00000130,-0.00000140,0,0.015440,0.000050,-0.000050,0,08h52m35.24s,133.1468373,+28d19m47.34s,28.3298154,12.5855000,0.0124000,-0.0123000,5.9508400,0.0230000,-0.0230000,4.0150000,0.0360000,-0.0360000,5.7297300,0.0008523,-0.0008523
55 Cnc f,55 Cnc,1,Radial Velocity,2007,259.88000000,0.29000000,-0.29000000,0,0.770800,0.004300,-0.004400,0,08h52m35.24s,133.1468373,+28d19m47.34s,28.3298154,12.5855000,0.0124000,-0.0123000,5.9508400,0.0230000,-0.0230000,4.0150000,0.0360000,-0.0360000,5.7297300,0.0008523,-0.0008523
6 Lyn b,6 Lyn,1,Radial Velocity,2008,919.86000000,1.92000000,-3.71000000,0,2.028000,0.003000,-0.005000,0,06h30m47.05s,97.6960311,+58d09m40.23s,58.1611753,54.6599000,0.2734000,-0.2734000,5.8730700,0.0230000,-0.0230000,3.7010000,0.3000000,-0.3000000,5.6068600,0.0010850,-0.0010850
61 Vir b,61 Vir,1,Radial Velocity,2009,4.21500000,0.00060000,-0.00060000,0,0.050201,0.000005,-0.000005,0,13h18m23.15s,199.5964550,-18d18m56.79s,-18.3157745,8.5033200,0.0173700,-0.0173000,4.6955000,0.0462000,-0.0462000,2.9560000,0.2360000,-0.2360000,4.5405200,0.0055701,-0.0055701
61 Vir c,61 Vir,1,Radial Velocity,2009,38.02100000,0.03400000,-0.03400000,0,0.217500,0.000100,-0.000100,0,13h18m23.15s,199.5964550,-18d18m56.79s,-18.3157745,8.5033200,0.0173700,-0.0173000,4.6955000,0.0462000,-0.0462000,2.9560000,0.2360000,-0.2360000,4.5405200,0.0055701,-0.0055701
61 Vir d,61 Vir,1,Radial Velocity,2009,123.01000000,0.55000000,-0.55000000,0,0.476000,0.001000,-0.001000,0,13h18m23.15s,199.5964550,-18d18m56.79s,-18.3157745,8.5033200,0.0173700,-0.0173000,4.6955000,0.0462000,-0.0462000,2.9560000,0.2360000,-0.2360000,4.5405200,0.0055701,-0.0055701
7 CMa b,7 CMa,1,Radial Velocity,2011,735.10000000,14.80000000,-1.00000000,0,1.758000,0.024000,-0.001000,0,06h36m41.11s,99.1712760,-19d15m22.25s,-19.2561808,19.8101000,0.1648000,-0.1648000,3.9500000,0.0300000,-0.0300000,1.5640000,0.2520000,-0.2520000,3.6785300,0.0041348,-0.0041348
7 CMa c,7 CMa,1,Radial Velocity,2019,996.00000000,1.50000000,-52.40000000,0,2.153000,0.003000,-0.080000,0,06h36m41.11s,99.1712760,-19d15m22.25s,-19.2561808,19.8101000,0.1648000,-0.1648000,3.9500000,0.0300000,-0.0300000,1.5640000,0.2520000,-0.2520000,3.6785300,0.0041348,-0.0041348
70 Vir b,70 Vir,1,Radial Velocity,1996,116.68800000,0.00540000,-0.00540000,0,0.481000,0.022000,-0.022000,0,13h28m25.56s,202.1064898,+13d46m34.71s,13.7763085,17.9011000,0.0560000,-0.0557000,4.9680800,0.0230000,-0.0230000,3.5000000,0.2940000,-0.2940000,4.7617800,0.0044158,-0.0044158
75 Cet b,75 Cet,1,Radial Velocity,2012,696.62000000,1.33000000,-1.69000000,0,1.912000,0.002000,-0.003000,0,02h32m09.40s,38.0391598,-01d02m06.10s,-1.0350269,82.9613000,0.7236500,-0.7236500,5.3532000,0.0230000,-0.0230000,3.2070000,0.2720000,-0.2720000,5.0934300,0.0039324,-0.0039324
75 Cet c,75 Cet,1,Radial Velocity,2023,2051.62000000,45.98000000,-40.47000000,0,3.929000,0.058000,-0.052000,0,02h32m09.40s,38.0391598,-01d02m06.10s,-1.0350269,82.9613000,0.7236500,-0.7236500,5.3532000,0.0230000,-0.0230000,3.2070000,0.2720000,-0.2720000,5.0934300,0.0039324,-0.0039324
8 UMi b,8 UMi,1,Radial Velocity,2015,93.40000000,4.50000000,-4.50000000,0,0.490000,0.020000,-0.020000,0,14h56m48.40s,224.2016850,+74d54m03.38s,74.9009379,162.5520000,0.6510000,-0.6460000,6.8329500,0.0230000,-0.0230000,4.5150000,0.0200000,-0.0200000,6.5589600,0.0002370,-0.0002370
81 Cet b,81 Cet,1,Radial Velocity,2008,1005.57000000,1.84000000,-1.94000000,0,2.104000,0.003000,-0.003000,0,02h37m41.85s,39.4243555,-03d23m46.90s,-3.3963607,101.2600000,1.2220000,-1.2220000,5.6430700,0.0230000,-0.0230000,3.2660000,0.2580000,-0.2580000,5.3758800,0.0031065,-0.0031065
91 Aqr b,91 Aqr,1,Radial Velocity,2013,181.40000000,0.10000000,-0.10000000,0,0.700000,,,0,23h15m53.88s,348.9745031,-09d05m16.11s,-9.0878076,44.0304000,0.5132500,-0.5132500,4.2394600,0.0230000,-0.0230000,1.5970000,0.2360000,-0.2360000,3.9531100,0.0088430,-0.0088430
AB Aur b,AB Aur,1,Imaging,2022,,,,,93.900000,49.300000,-49.300000,0,04h55m45.85s,73.9410446,+30d33m03.92s,30.5510888,162.1270000,1.5260000,-1.4980000,7.0760000,0.0420000,-0.0420000,4.2300000,0.0160000,-0.0160000,7.0785400,0.0010490,-0.0010490
AB Pic b,AB Pic,1,Imaging,2005,,,,,260.000000,,,0,06h19m12.94s,94.8039208,-58d03m14.83s,-58.0541184,50.0475000,0.0735000,-0.0733000,9.1300000,0.0300000,-0.0300000,6.9810000,0.0240000,-0.0240000,8.8378000,0.0013320,-0.0013320
AF Lep b,AF Lep,1,Imaging,2023,8030.00000000,1800.00000000,-1800.00000000,0,8.400000,1.100000,-1.300000,0,05h27m04.78s,81.7699216,-11d54m04.23s,-11.9011752,26.8564000,0.0189000,-0.0188000,6.3320000,0.0350000,-0.0350000,4.9260000,0.0210000,-0.0210000,6.1864400,0.0011395,-0.0011395
AU Mic b,AU Mic,1,Transit,2020,8.46299910,,,0,0.064500,0.001300,-0.001300,0,20h45m09.87s,311.2911369,-31d20m32.82s,-31.3424500,9.7221000,0.0046250,-0.0046250,8.8100000,0.1000000,-0.1000000,4.5290000,0.0200000,-0.0200000,7.8403800,0.0007310,-0.0007310
AU Mic c,AU Mic,1,Transit,2021,18.85899100,,,0,0.110100,0.002000,-0.002000,0,20h45m09.87s,311.2911369,-31d20m32.82s,-31.3424500,9.7221000,0.0046250,-0.0046250,8.8100000,0.1000000,-0.1000000,4.5290000,0.0200000,-0.0200000,7.8403800,0.0007310,-0.0007310
AU Mic d,AU Mic,1,Transit Timing Variations,2023,12.73596000,0.00793000,-0.00793000,0,,,,,20h45m09.87s,311.2911369,-31d20m32.82s,-31.3424500,9.7221000,0.0046250,-0.0046250,8.8100000,0.1000000,-0.1000000,4.5290000,0.0200000,-0.0200000,7.8403800,0.0007310,-0.0007310
BD+03 2562 b,BD+03 2562,1,Radial Velocity,2017,481.90000000,2.70000000,-2.80000000,0,1.300000,0.100000,-0.100000,0,11h50m15.53s,177.5647268,+02d45m36.39s,2.7601075,1070.6300000,63.8750000,-63.8750000,9.5770000,0.0080000,-0.0080000,6.0210000,0.0210000,-0.0210000,8.9977000,0.0002920,-0.0002920
BD+14 4559 b,BD+14 4559,1,Radial Velocity,2009,268.94000000,0.99000000,-0.99000000,0,0.780000,0.050000,-0.050000,0,21h13m36.24s,318.4010002,+14d41m21.78s,14.6893834,49.3520000,0.0846000,-0.0844000,9.7800000,0.0300000,-0.0300000,7.3360000,0.0230000,-0.0230000,9.3510800,0.0002530,-0.0002530
BD+15 2375 b,BD+15 2375,1,Radial Velocity,2016,153.22000000,0.44000000,-0.44000000,0,0.576000,0.027000,-0.027000,0,11h45m55.69s,176.4820239,+14d36m58.75s,14.6163182,768.0450000,45.0380000,-45.0380000,10.4100000,0.0100000,-0.0100000,7.7180000,0.0170000,-0.0170000,9.9918000,0.0004580,-0.0004580
BD+15 2940 b,BD+15 2940,1,Radial Velocity,2013,137.48000000,0.34000000,-0.34000000,0,0.539000,,,0,16h00m22.95s,240.0956400,+15d32m48.30s,15.5467507,426.4200000,6.4400000,-6.4400000,9.0100000,0.0300000,-0.0300000,6.5250000,0.0160000,-0.0160000,8.7178000,0.0002910,-0.0002910
BD+20 2457 b,BD+20 2457,1,Radial Velocity,2009,379.63000000,2.01000000,-2.01000000,0,1.450000,,,0,10h16m44.83s,154.1867820,+19d53m28.55s,19.8912626,1539.7100000,189.9250000,-189.9250000,9.7430000,0.0080000,-0.0080000,6.4200000,0.0210000,-0.0210000,9.2268400,0.0004420,-0.0004420
BD+20 2457 c,BD+20 2457,1,Radial Velocity,2009,621.99000000,10.20000000,-10.20000000,0,2.010000,,,0,10h16m44.83s,154.1867820,+19d53m28.55s,19.8912626,1539.7100000,189.9250000,-189.9250000,9.7430000,0.0080000,-0.0080000,6.4200000,0.0210000,-0.0210000,9.2268400,0.0004420,-0.0004420
BD+20 274 b,BD+20 274,1,Radial Velocity,2012,578.20000000,5.40000000,-5.40000000,0,1.300000,,,0,01h43m40.88s,25.9203179,+21d00m18.97s,21.0052692,1322.5100000,80.5350000,-80.5350000,9.3670000,0.0080000,-0.0080000,6.1690000,0.0270000,-0.0270000,8.9161300,0.0004680,-0.0004680
BD+20 594 b,BD+20 594,1,Transit,2016,41.68550000,0.00300000,-0.00300000,0,,,,,03h34m36.27s,53.6511231,+20d35m56.47s,20.5990205,179.4610000,1.2570000,-1.2400000,10.8490000,0.0120000,-0.0120000,9.3680000,0.0180000,-0.0180000,10.8644000,0.0002490,-0.0002490
BD+45 564 b,BD+45 564,1,Radial Velocity,2021,307.88000000,1.47000000,-1.47000000,0,0.830000,0.040000,-0.040000,0,02h11m47.29s,32.9470485,+45d55m27.19s,45.9242187,53.6220000,0.1919000,-0.1905000,9.6700000,0.0300000,-0.0300000,7.5570000,0.0240000,-0.0240000,9.4126600,0.0002550,-0.0002550
BD+48 738 b,BD+48 738,1,Radial Velocity,2011,392.60000000,5.50000000,-5.50000000,0,1.000000,,,0,02h42m50.47s,40.7102869,+49d35m12.98s,49.5869395,871.4930000,43.8490000,-43.8490000,9.1390000,0.0040000,-0.0040000,5.9040000,0.0180000,-0.0180000,8.6556900,0.0003650,-0.0003650
BD+48 740 b,BD+48 740,1,Radial Velocity,2018,733.00000000,5.00000000,-8.00000000,0,1.700000,0.100000,-0.100000,0,02h42m58.21s,40.7425426,+48d55m48.21s,48.9300579,666.5890000,21.5335000,-21.5335000,8.6900000,0.0300000,-0.0300000,5.6450000,0.0170000,-0.0170000,8.2644900,0.0007610,-0.0007610
BD+49 828 b,BD+49 828,1,Radial Velocity,2015,2590.00000000,300.00000000,-180.00000000,0,4.200000,0.320000,-0.200000,0,03h02m33.75s,45.6406187,+49d43m47.81s,49.7299481,442.0420000,7.6540000,-7.6540000,9.3810000,0.0050000,-0.0050000,6.5710000,0.0210000,-0.0210000,9.0285100,0.0002350,-0.0002350
BD+55 362 b,BD+55 362,1,Radial Velocity,2021,265.59000000,1.04000000,-1.04000000,0,0.780000,0.050000,-0.050000,0,01h35m51.28s,23.9636676,+56d41m53.62s,56.6982282,52.5697000,0.0974000,-0.0971000,9.3800000,0.0300000,-0.0300000,7.3310000,0.0210000,-0.0210000,9.1530500,0.0001630,-0.0001630
BD+60 1417 b,BD+60 1417,1,Imaging,2021,,,,,1662.000000,,,0,12h43m33.01s,190.8875453,+60d00m51.71s,60.0143636,44.9543000,0.0593000,-0.0592000,9.3740000,0.0030000,-0.0030000,7.2880000,0.0240000,-0.0240000,9.1743900,0.0005330,-0.0005330
BD+63 1405 b,BD+63 1405,1,Radial Velocity,2021,1198.48000000,60.79000000,-60.79000000,0,2.060000,0.140000,-0.140000,0,18h05m35.50s,271.3979337,+63d40m12.02s,63.6700064,38.0473000,0.0329000,-0.0329000,8.9600000,0.0300000,-0.0300000,6.7800000,0.0170000,-0.0170000,8.7050000,0.0002570,-0.0002570
BD-06 1339 b,BD-06 1339,1,Radial Velocity,2013,3.87280000,0.00040000,-0.00040000,0,0.042800,0.000700,-0.000700,0,05h53m00.28s,88.2511811,-05d59m46.82s,-5.9963378,20.2695000,0.0220000,-0.0218000,9.7000000,0.0300000,-0.0300000,6.3050000,0.0180000,-0.0180000,9.1067700,0.0006020,-0.0006020
BD-06 1339 c,BD-06 1339,1,Radial Velocity,2013,125.94000000,0.44000000,-0.44000000,0,0.435000,0.007000,-0.007000,0,05h53m00.28s,88.2511811,-05d59m46.82s,-5.9963378,20.2695000,0.0220000,-0.0218000,9.7000000,0.0300000,-0.0300000,6.3050000,0.0180000,-0.0180000,9.1067700,0.0006020,-0.0006020
BD-08 2823 b,BD-08 2823,1,Radial Velocity,2009,5.60000000,0.02000000,-0.02000000,0,0.060000,0.000000,0.000000,0,10h00m47.33s,150.1971964,-09d30m59.65s,-9.5165689,41.3342000,0.0685000,-0.0682000,9.8600000,0.0300000,-0.0300000,7.3230000,0.0210000,-0.0210000,9.5033100,0.0004180,-0.0004180
BD-08 2823 c,BD-08 2823,1,Radial Velocity,2009,237.60000000,1.50000000,-1.50000000,0,0.680000,0.020000,-0.020000,0,10h00m47.33s,150.1971964,-09d30m59.65s,-9.5165689,41.3342000,0.0685000,-0.0682000,9.8600000,0.0300000,-0.0300000,7.3230000,0.0210000,-0.0210000,9.5033100,0.0004180,-0.0004180
BD-10 3166 b,BD-10 3166,1,Radial Velocity,2000,3.48777000,0.00011000,-0.00011000,0,0.040000,0.000000,0.000000,0,10h58m28.59s,164.6191243,-10d46m13.52s,-10.7704227,84.4069000,0.3537000,-0.3508000,10.0130000,0.0070000,-0.0070000,8.1240000,0.0260000,-0.0260000,9.8398100,0.0006070,-0.0006070
BD-11 4672 b,BD-11 4672,1,Radial Velocity,2014,1634.00000000,13.00000000,-14.00000000,0,2.360000,0.040000,-0.040000,0,18h33m28.53s,278.3688659,-11d38m13.37s,-11.6370481,27.1665000,0.0346000,-0.0346000,10.0300000,0.0300000,-0.0300000,6.8670000,0.0240000,-0.0240000,9.4851100,0.0005180,-0.0005180
BD-11 4672 c,BD-11 4672,1,Radial Velocity,2020,74.20000000,0.06000000,-0.08000000,0,0.300000,0.010000,-0.010000,0,18h33m28.53s,278.3688659,-11d38m13.37s,-11.6370481,27.1665000,0.0346000,-0.0346000,10.0300000,0.0300000,-0.0300000,6.8670000,0.0240000,-0.0240000,9.4851100,0.0005180,-0.0005180
BD-13 2130 b,BD-13 2130,1,Radial Velocity,2007,714.29999000,5.30000000,-5.30000000,0,1.660000,0.120000,-0.120000,0,07h37m09.23s,114.2884692,-13d54m24.01s,-13.9066703,925.2140000,41.2110000,-41.2110000,10.0380000,0.0090000,-0.0090000,7.1510000,0.0230000,-0.0230000,9.6997100,0.0003370,-0.0003370
BD-14 3065 b,BD-14 3065 A,1,Transit,2024,4.28897310,0.00000520,-0.00000520,0,0.065600,0.002600,-0.002600,0,10h14m40.72s,153.6696689,-15d38m34.21s,-15.6428372,589.4230000,16.5990000,-15.7290000,11.1000000,0.0130000,-0.0130000,9.9320000,0.0260000,-0.0260000,10.9100000,0.0016170,-0.0016170
BD-17 63 b,BD-17 63,1,Radial Velocity,2008,655.57000000,0.58000000,-0.58000000,0,,,,,00h28m33.92s,7.1413494,-16d13m38.37s,-16.2273254,34.4603000,0.0929000,-0.0924000,9.6200000,0.0300000,-0.0300000,6.9140000,0.0240000,-0.0240000,9.2011200,0.0005140,-0.0005140
BD-210397 b,BD-210397,1,Radial Velocity,2023,1891.00000000,56.00000000,-48.00000000,0,2.630000,0.060000,-0.050000,0,02h13m12.58s,33.3024198,-21d11m46.37s,-21.1962147,23.7324000,0.0228000,-0.0227000,9.8400000,0.0300000,-0.0300000,6.5040000,0.0180000,-0.0180000,9.2596200,0.0008260,-0.0008260
BD-210397 c,BD-210397,1,Radial Velocity,2023,6240.00000000,151.00000000,-156.00000000,0,5.900000,0.100000,-0.100000,0,02h13m12.58s,33.3024198,-21d11m46.37s,-21.1962147,23.7324000,0.0228000,-0.0227000,9.8400000,0.0300000,-0.0300000,6.5040000,0.0180000,-0.0180000,9.2596200,0.0008260,-0.0008260
CD Cet b,CD Cet,1,Radial Velocity,2020,2.29070000,0.00012000,-0.00012000,0,0.018500,0.001300,-0.001300,0,03h13m24.72s,48.3530155,+04d46m30.68s,4.7751881,8.6071500,0.0065800,-0.0065800,13.9500000,0.2000000,-0.2000000,7.8330000,0.0240000,-0.0240000,12.1232000,0.0010500,-0.0010500
CFBDSIR J145829+101343 b,CFBDSIR J145829+101343,1,Imaging,2011,10037.50000000,2737.50000000,-2737.50000000,0,2.600000,0.300000,-0.300000,0,14h58m29.00s,224.6208333,+10d13m43.0s,10.2286111,,,,,,,,,,,,
CFHTWIR-Oph 98 b,CFHTWIR-Oph 98 A,1,Imaging,2021,8040000.00000000,470000.00000000,-470000.00000000,0,200.000000,6.000000,-6.000000,0,16h27m44.23s,246.9342770,-23d58m52.14s,-23.9811500,,,,,,,14.5930000,0.0980000,-0.0980000,,,
CHXR 73 b,CHXR 73,1,Imaging,2006,,,,,210.000000,,,0,11h06m28.66s,166.6193985,-77d37m33.14s,-77.6258725,190.3740000,6.6470000,-6.2200000,,,,10.7030000,0.0230000,-0.0230000,17.2934000,0.0013960,-0.0013960
CI Tau c,CI Tau,1,Radial Velocity,2024,25.20000000,1.70000000,-1.80000000,0,0.170000,0.080000,-0.080000,0,04h33m52.02s,68.4667685,+22d50m29.83s,22.8416192,157.9980000,1.1980000,-1.1800000,13.6420000,0.1720000,-0.1720000,7.7930000,0.0200000,-0.0200000,12.1454000,0.0118660,-0.0118660
COCONUTS-2 b,COCONUTS-2 A,1,Imaging,2021,402000000.00000000,470000000.00000000,-100000000.00000000,0,7506.000000,5205.000000,-2060.000000,0,07h49m12.22s,117.3009140,-76d42m09.71s,-76.7026960,10.8864000,0.0041000,-0.0042000,11.2980000,0.0270000,-0.0270000,6.5790000,0.0180000,-0.0180000,10.1460000,0.0015670,-0.0015670
CT Cha b,CT Cha,1,Imaging,2007,,,,,440.000000,,,0,11h04m09.00s,166.0375038,-76d27m19.33s,-76.4553693,190.7200000,0.7780000,-0.7710000,12.3350000,0.0690000,-0.0690000,8.6610000,0.0210000,-0.0210000,11.7733000,0.0047010,-0.0047010
CoRoT-1 b,CoRoT-1,1,Transit,2008,1.50895570,0.00000640,-0.00000640,0,,,,,06h48m19.17s,102.0798591,-03d06m07.70s,-3.1021394,787.9090000,23.4910000,-23.4910000,13.6230000,0.1140000,-0.1140000,12.1490000,0.0270000,-0.0270000,13.4570000,0.0004770,-0.0004770
CoRoT-10 b,CoRoT-10,1,Transit,2010,13.24060000,0.00020000,-0.00020000,0,0.105500,0.002100,-0.002100,0,19h24m15.28s,291.0636813,+00d44m45.65s,0.7460143,338.3860000,3.9865000,-3.9865000,15.2930000,0.1370000,-0.1370000,11.7820000,0.0210000,-0.0210000,14.6645000,0.0003290,-0.0003290
CoRoT-11 b,CoRoT-11,1,Transit,2010,2.99433000,0.00001100,-0.00001100,0,0.043600,0.005000,-0.005000,0,18h42m44.95s,280.6872998,+05d56m15.57s,5.9376586,655.0370000,24.9470000,-23.2090000,12.8970000,0.1140000,-0.1140000,11.2480000,0.0220000,-0.0220000,12.8410000,0.0003360,-0.0003360
CoRoT-12 b,CoRoT-12,1,Transit,2010,2.82804200,0.00001300,-0.00001300,0,0.040160,0.000930,-0.000920,0,06h43m03.76s,100.7656871,-01d17m47.20s,-1.2964437,1126.3700000,55.7450000,-55.7450000,15.5880000,0.1830000,-0.1830000,13.5570000,0.0420000,-0.0420000,15.3453000,0.0007700,-0.0007700
CoRoT-13 b,CoRoT-13,1,Transit,2010,4.03519000,0.00003000,-0.00003000,0,0.051000,0.003100,-0.003100,0,06h50m53.07s,102.7211432,-05d05m11.24s,-5.0864557,1148.9300000,62.1200000,-56.1500000,15.0050000,0.2970000,-0.2970000,13.3760000,0.0390000,-0.0390000,14.9147000,0.0005000,-0.0005000
CoRoT-14 b,CoRoT-14,1,Transit,2010,1.51214000,0.00013000,-0.00013000,0,0.027000,0.002000,-0.002000,0,06h53m41.81s,103.4242023,-05d32m09.74s,-5.5360385,1744.6000000,173.0300000,-144.9000000,15.9320000,0.2060000,-0.2060000,13.8060000,0.0530000,-0.0530000,15.8116000,0.0007690,-0.0007690
CoRoT-16 b,CoRoT-16,1,Transit,2011,5.35227000,0.00020000,-0.00020000,0,0.061800,0.001500,-0.001500,0,18h34m05.92s,278.5246658,-06d00m09.37s,-6.0026026,732.4090000,35.3440000,-32.2820000,16.0520000,0.2170000,-0.2170000,12.8470000,0.0370000,-0.0370000,15.6507000,0.0009980,-0.0009980
CoRoT-17 b,CoRoT-17,1,Transit,2011,3.76810000,0.00030000,-0.00030000,0,0.046100,0.000800,-0.000800,0,18h34m47.82s,278.6992360,-06d36m44.24s,-6.6122880,1176.1200000,57.1700000,-52.1900000,16.2900000,0.3200000,-0.3200000,12.4720000,0.0540000,-0.0540000,15.4368000,0.0005240,-0.0005240
CoRoT-18 b,CoRoT-18,1,Transit,2011,1.90006930,0.00000280,-0.00000280,0,0.029500,0.001600,-0.001600,0,06h32m41.38s,98.1724172,-00d01m53.78s,-0.0316045,764.8890000,27.6140000,-25.7840000,14.8680000,0.1720000,-0.1720000,13.0140000,0.0300000,-0.0300000,14.8009000,0.0012110,-0.0012110
CoRoT-19 b,CoRoT-19,1,Transit,2011,3.89713000,0.00002000,-0.00002000,0,0.051800,0.000800,-0.000800,0,06h28m08.06s,97.0335983,-00d10m14.63s,-0.1707293,790.6630000,26.7370000,-25.0710000,14.1350000,0.1490000,-0.1490000,11.8370000,0.0240000,-0.0240000,13.7831000,0.0005580,-0.0005580
CoRoT-2 b,CoRoT-2,1,Transit,2008,1.74299350,0.00000100,-0.00000100,0,0.027980,0.000760,-0.000800,0,19h27m06.49s,291.7770457,+01d23m01.19s,1.3836634,213.2830000,2.4850000,-2.4300000,12.5160000,0.0920000,-0.0920000,10.3100000,0.0310000,-0.0310000,12.2489000,0.0009110,-0.0009110
CoRoT-20 b,CoRoT-20,1,Transit,2011,9.24285000,0.00030000,-0.00030000,0,0.090000,0.002000,-0.002000,0,06h30m52.90s,97.7204249,+00d13m36.82s,0.2268931,844.0610000,24.1710000,-22.8830000,14.6300000,0.0920000,-0.0920000,12.5130000,0.0290000,-0.0290000,14.4686000,0.0004120,-0.0004120
CoRoT-20 c,CoRoT-20,1,Radial Velocity,2018,1675.00000000,19.00000000,-17.00000000,0,2.900000,0.070000,-0.070000,0,06h30m52.90s,97.7204249,+00d13m36.82s,0.2268931,844.0610000,24.1710000,-22.8830000,14.6300000,0.0920000,-0.0920000,12.5130000,0.0290000,-0.0290000,14.4686000,0.0004120,-0.0004120
CoRoT-21 b,CoRoT-21,1,Transit,2012,2.72474000,0.00014000,-0.00014000,0,0.041700,0.001100,-0.001100,0,06h44m12.63s,101.0526207,-00d17m56.96s,-0.2991544,,,,16.0580000,0.4350000,-0.4350000,13.8130000,0.0540000,-0.0540000,15.8558000,0.0019680,-0.0019680
CoRoT-22 b,CoRoT-22,1,Transit,2014,9.75598000,0.00011000,-0.00011000,0,0.092000,0.001400,-0.001400,0,18h42m40.11s,280.6671392,+06d13m09.00s,6.2191669,627.1580000,11.1870000,-10.8080000,13.8200000,0.1140000,-0.1140000,11.9880000,0.0260000,-0.0260000,13.7305000,0.0003040,-0.0003040
CoRoT-23 b,CoRoT-23,1,Transit,2011,3.63130000,0.00010000,-0.00010000,0,0.048000,0.004000,-0.004000,0,18h39m07.84s,279.7826586,+04d21m27.91s,4.3577516,1060.9700000,45.4700000,-41.9400000,15.6750000,0.2060000,-0.2060000,12.3640000,0.0320000,-0.0320000,15.0681000,0.0004090,-0.0004090
CoRoT-24 b,CoRoT-24,1,Transit,2014,5.11340000,0.00060000,-0.00060000,0,0.056000,0.002000,-0.002000,0,06h47m41.41s,101.9225430,-03d43m09.44s,-3.7192892,591.5550000,16.0430000,-15.2320000,15.3830000,0.1140000,-0.1140000,12.9240000,0.0240000,-0.0240000,15.1801000,0.0006310,-0.0006310
CoRoT-24 c,CoRoT-24,1,Transit,2014,11.75900000,0.00630000,-0.00630000,0,0.098000,0.003000,-0.003000,0,06h47m41.41s,101.9225430,-03d43m09.44s,-3.7192892,591.5550000,16.0430000,-15.2320000,15.3830000,0.1140000,-0.1140000,12.9240000,0.0240000,-0.0240000,15.1801000,0.0006310,-0.0006310
CoRoT-25 b,CoRoT-25,1,Transit,2013,4.86069000,0.00006000,-0.00006000,0,0.057800,0.002000,-0.000900,0,18h42m31.12s,280.6296561,+06d30m49.76s,6.5138223,1103.4800000,44.2800000,-41.0500000,14.7900000,0.1720000,-0.1720000,12.8460000,0.0310000,-0.0310000,14.7110000,0.0003390,-0.0003390
CoRoT-26 b,CoRoT-26,1,Transit,2013,4.20474000,0.00005000,-0.00005000,0,0.052600,0.001000,-0.001000,0,18h39m00.12s,279.7504991,+06d58m11.22s,6.9697828,1045.1800000,,,15.8610000,0.1950000,-0.1950000,13.2610000,0.0340000,-0.0340000,15.4682000,0.0016830,-0.0016830
CoRoT-27 b,CoRoT-27,1,Transit,2014,3.57532000,0.00006000,-0.00006000,0,0.047600,0.006600,-0.006600,0,18h33m59.00s,278.4958319,+05d32m18.17s,5.5383811,1010.2800000,69.2600000,-61.0360000,15.7740000,0.1030000,-0.1030000,12.9850000,0.0330000,-0.0330000,15.3902000,0.0006150,-0.0006150
CoRoT-28 b,CoRoT-28,1,Transit,2015,5.20851000,0.00038000,-0.00038000,0,0.060300,0.005000,-0.005000,0,18h34m45.20s,278.6883216,+05d34m25.29s,5.5736911,766.1830000,14.6850000,-14.1520000,13.7830000,0.0690000,-0.0690000,11.0320000,0.0250000,-0.0250000,13.4119000,0.0003930,-0.0003930
CoRoT-29 b,CoRoT-29,1,Transit,2015,2.85057000,0.00000600,-0.00000600,0,0.038600,0.005900,-0.005900,0,18h35m36.50s,278.9020691,+06d28m46.45s,6.4795703,806.5070000,44.0270000,-39.7600000,15.4080000,0.1260000,-0.1260000,13.0480000,0.0310000,-0.0310000,15.2394000,0.0005320,-0.0005320
CoRoT-3 b,CoRoT-3,1,Transit,2008,4.25680000,0.00000500,-0.00000500,0,,,,,19h28m13.27s,292.0552827,+00d07m18.61s,0.1218359,768.7710000,30.7910000,-28.5450000,13.4480000,0.0690000,-0.0690000,11.6180000,0.0340000,-0.0340000,13.2188000,0.0002980,-0.0002980
CoRoT-30 b,CoRoT-30,1,Transit,2020,9.06005000,0.00024000,-0.00024000,0,0.084400,0.001200,-0.001200,0,18h30m24.28s,277.6011767,+06d50m09.36s,6.8359338,1032.2300000,48.5700000,-44.4670000,15.5710000,0.1260000,-0.1260000,13.5620000,0.0450000,-0.0450000,15.4130000,0.0006660,-0.0006660
CoRoT-31 b,CoRoT-31,1,Transit,2020,4.62941000,0.00075000,-0.00075000,0,0.058600,0.003400,-0.003400,0,06h19m16.98s,94.8207350,-04d25m20.27s,-4.4222978,2005.7600000,169.7900000,-145.7100000,15.4790000,0.3090000,-0.3090000,13.4260000,0.0380000,-0.0380000,15.4655000,0.0008090,-0.0008090
CoRoT-35 b,CoRoT-35,1,Transit,2022,3.22748000,0.00008000,-0.00008000,0,0.042900,0.000920,-0.000920,0,19h17m15.44s,289.3143526,-02d46m28.95s,-2.7747085,1123.2100000,55.9000000,-50.9200000,15.6350000,0.2290000,-0.2290000,12.9350000,0.0290000,-0.0290000,15.2625000,0.0005140,-0.0005140
CoRoT-36 b,CoRoT-36,1,Transit,2022,5.61653100,0.00002300,-0.00002300,0,0.066000,0.007000,-0.007000,0,18h31m00.24s,277.7510149,+07d11m00.05s,7.1833465,925.9580000,27.7960000,-26.2470000,13.1260000,0.0690000,-0.0690000,11.5920000,0.0210000,-0.0210000,12.9515000,0.0006500,-0.0006500
CoRoT-4 b,CoRoT-4,1,Transit,2008,9.20205000,0.00037000,-0.00037000,0,0.090000,0.001000,-0.001000,0,06h48m46.71s,102.1946233,-00d40m22.03s,-0.6727861,726.4120000,15.1810000,-14.5820000,13.6520000,0.0920000,-0.0920000,12.2880000,0.0300000,-0.0300000,13.5613000,0.0003540,-0.0003540
CoRoT-5 b,CoRoT-5,1,Transit,2009,4.03789620,0.00000190,-0.00000190,0,0.049470,0.000260,-0.000290,0,06h45m06.54s,101.2772396,+00d48m54.78s,0.8152163,882.4720000,25.6200000,-25.6200000,14.0430000,0.1490000,-0.1490000,12.5460000,0.0260000,-0.0260000,13.9021000,0.0004180,-0.0004180
CoRoT-6 b,CoRoT-6,1,Transit,2009,8.88659300,0.00000400,-0.00000400,0,0.085500,0.001500,-0.001500,0,18h44m17.41s,281.0725563,+06d39m47.54s,6.6632062,645.2940000,12.4530000,-11.9970000,13.9610000,0.0690000,-0.0690000,12.1190000,0.0240000,-0.0240000,13.7459000,0.0004960,-0.0004960
CoRoT-7 b,CoRoT-7,1,Transit,2009,0.85359163,0.00000001,-0.00000001,0,,,,,06h43m49.48s,100.9561682,-01d03m46.83s,-1.0630076,159.9060000,0.9170000,-0.9060000,11.7280000,0.0270000,-0.0270000,9.8060000,0.0210000,-0.0210000,11.5239000,0.0004620,-0.0004620
CoRoT-7 c,CoRoT-7,1,Radial Velocity,2009,3.69800000,0.00300000,-0.00300000,0,0.046000,,,0,06h43m49.48s,100.9561682,-01d03m46.83s,-1.0630076,159.9060000,0.9170000,-0.9060000,11.7280000,0.0270000,-0.0270000,9.8060000,0.0210000,-0.0210000,11.5239000,0.0004620,-0.0004620
CoRoT-7 d,CoRoT-7,1,Radial Velocity,2022,8.96600000,1.54600000,-1.54600000,0,,,,,06h43m49.48s,100.9561682,-01d03m46.83s,-1.0630076,159.9060000,0.9170000,-0.9060000,11.7280000,0.0270000,-0.0270000,9.8060000,0.0210000,-0.0210000,11.5239000,0.0004620,-0.0004620
CoRoT-8 b,CoRoT-8,1,Transit,2010,6.21229000,0.00003000,-0.00003000,0,0.063000,0.001000,-0.001000,0,19h26m21.26s,291.5885696,+01d25m34.67s,1.4262972,322.0370000,2.7140000,-2.7140000,14.7920000,0.0340000,-0.0340000,11.4630000,0.0210000,-0.0210000,14.2195000,0.0002620,-0.0002620
CoRoT-9 b,CoRoT-9,1,Transit,2009,95.27265600,0.00006800,-0.00006800,0,0.402100,0.005400,-0.005400,0,18h43m08.80s,280.7866461,+06d12m14.68s,6.2040783,412.9800000,4.7250000,-4.6220000,13.6370000,0.1370000,-0.1370000,11.6880000,0.0230000,-0.0230000,13.5008000,0.0003200,-0.0003200
CoRoTID 223977153 b,CoRoTID 223977153,1,Transit,2017,6.71837000,0.00001000,-0.00001000,0,0.071000,0.001000,-0.001000,0,06h40m46.84s,100.1951714,+09d15m26.62s,9.2573953,576.6830000,10.4360000,-10.4360000,13.6260000,0.1490000,-0.1490000,12.1930000,0.0270000,-0.0270000,13.5867000,0.0007540,-0.0007540
DE CVn b,DE CVn,1,Eclipse Timing Variations,2018,4098.10000000,131.50000000,-131.50000000,0,5.750000,2.020000,-2.020000,0,13h26m52.97s,201.7207198,+45d32m43.96s,45.5455449,30.5225000,0.0284000,-0.0285000,12.9560000,0.0230000,-0.0230000,8.5550000,0.0210000,-0.0210000,11.9752000,0.0010810,-0.0010810
DENIS-P J082303.1-491201 b,DENIS-P J082303.1-491201,1,Astrometry,2013,246.36000000,1.38000000,-1.35000000,0,0.360000,0.010000,-0.010000,0,08h23m02.90s,125.7620668,-49d12m01.08s,-49.2003008,,,,,,,12.0620000,0.0230000,-0.0230000,18.5577000,0.0029090,-0.0029090
DH Tau b,DH Tau,1,Imaging,2004,,,,,330.000000,,,0,04h29m41.56s,67.4231674,+26d32m57.80s,26.5493897,134.8460000,1.2820000,-1.2580000,13.9800000,1.1330000,-1.1330000,8.1780010,0.0260000,-0.0260000,12.4961000,0.0089970,-0.0089970
DMPP-1 b,DMPP-1,1,Radial Velocity,2019,18.57000000,0.01000000,-0.01000000,0,0.146200,0.001200,-0.001200,0,05h47m06.27s,86.7761233,-10d37m49.16s,-10.6303217,62.5388000,0.1782000,-0.1773000,7.9800000,0.0300000,-0.0300000,6.6900000,0.0240000,-0.0240000,7.8503200,0.0002900,-0.0002900
DMPP-1 c,DMPP-1,1,Radial Velocity,2019,6.58400000,0.00300000,-0.00200000,0,0.073300,0.000600,-0.000700,0,05h47m06.27s,86.7761233,-10d37m49.16s,-10.6303217,62.5388000,0.1782000,-0.1773000,7.9800000,0.0300000,-0.0300000,6.6900000,0.0240000,-0.0240000,7.8503200,0.0002900,-0.0002900
DMPP-1 d,DMPP-1,1,Radial Velocity,2019,2.88200000,0.00100000,-0.00100000,0,0.042200,0.000400,-0.000300,0,05h47m06.27s,86.7761233,-10d37m49.16s,-10.6303217,62.5388000,0.1782000,-0.1773000,7.9800000,0.0300000,-0.0300000,6.6900000,0.0240000,-0.0240000,7.8503200,0.0002900,-0.0002900
DMPP-1 e,DMPP-1,1,Radial Velocity,2019,5.51600000,0.00200000,-0.00400000,0,0.065100,0.000500,-0.000500,0,05h47m06.27s,86.7761233,-10d37m49.16s,-10.6303217,62.5388000,0.1782000,-0.1773000,7.9800000,0.0300000,-0.0300000,6.6900000,0.0240000,-0.0240000,7.8503200,0.0002900,-0.0002900
DMPP-2 b,DMPP-2,1,Radial Velocity,2019,5.20720000,0.00020000,-0.00550000,0,0.066400,0.000500,-0.000500,0,01h49m37.86s,27.4077310,-34d27m32.75s,-34.4590985,137.9400000,0.6810000,-0.6750000,8.5700000,0.0300000,-0.0300000,7.4370000,0.0260000,-0.0260000,8.4582400,0.0002660,-0.0002660
DMPP-3 A b,DMPP-3 A,1,Radial Velocity,2019,6.67320000,0.00110000,-0.00030000,0,0.066200,0.001300,-0.001300,0,06h06m29.85s,91.6243820,-72d30m45.6s,-72.5126648,45.2300000,1.6000000,-1.7200000,,,,,,,,,
DMPP-4 b,DMPP-4,1,Radial Velocity,2023,3.49820000,0.00220000,-0.23270000,0,0.048530,0.000360,-0.001970,0,19h34m19.84s,293.5826648,+51d14m08.90s,51.2358069,25.3284000,0.0382000,-0.0380000,5.7293600,0.0230000,-0.0230000,4.4940000,0.0180000,-0.0180000,5.6003700,0.0014052,-0.0014052
DP Leo b,DP Leo,1,Eclipse Timing Variations,2009,10220.00000000,730.00000000,-730.00000000,0,8.190000,0.390000,-0.390000,0,11h17m15.89s,169.3162193,+17d57m41.66s,17.9615717,305.6840000,33.5540000,-27.6040000,18.6837000,0.0496000,-0.0496000,,,,18.6333000,0.0157480,-0.0157480
DS Tuc A b,DS Tuc A,1,Transit,2019,8.13826800,0.00001100,-0.00001100,0,,,,,23h39m39.71s,354.9154673,-69d11m45.75s,-69.1960430,44.0622000,0.0693000,-0.0691000,8.1700000,0.0300000,-0.0300000,6.6760000,0.0340000,-0.0340000,8.3192600,0.0010250,-0.0010250
EPIC 201170410.02,EPIC 201170410,1,Transit,2020,6.79870000,0.00010000,-0.00010000,0,0.034900,0.002700,-0.002200,0,11h20m33.81s,170.1408561,-04d48m25.21s,-4.8070039,,,,17.6984000,0.0471000,-0.0471000,12.6190000,0.0270000,-0.0270000,16.4386000,0.0072830,-0.0072830
EPIC 201238110 b,EPIC 201238110,1,Transit,2019,28.16560000,0.00270000,-0.00280000,0,,,,,11h58m49.40s,179.7058532,-03d23m22.06s,-3.3894613,159.2590000,1.4140000,-1.3900000,16.0140000,1.1330000,-1.1330000,11.9330000,0.0240000,-0.0240000,15.2612000,0.0005010,-0.0005010
EPIC 201427007 b,EPIC 201427007,1,Transit,2021,0.72091000,0.00014000,-0.00014000,0,,,,,12h18m24.51s,184.6021322,-00d33m04.64s,-0.5512886,706.3910000,16.7900000,-16.7900000,14.3210000,0.1720000,-0.1720000,12.5810000,0.0290000,-0.0290000,14.1470000,0.0002080,-0.0002080
EPIC 201497682 b,EPIC 201497682,1,Transit,2019,2.13174000,0.00022000,-0.00022000,0,,,,,11h15m44.80s,168.9366786,+00d29m17.02s,0.4880606,253.0260000,1.6640000,-1.6640000,13.9480000,0.1830000,-0.1830000,11.4380000,0.0260000,-0.0260000,13.7368000,0.0003230,-0.0003230
EPIC 201595106 b,EPIC 201595106,1,Transit,2021,0.87721400,0.00006000,-0.00006000,0,,,,,12h14m52.89s,183.7203635,+01d58m05.41s,1.9681688,232.1000000,2.7060000,-2.6460000,11.7460000,0.0690000,-0.0690000,10.2180000,0.0210000,-0.0210000,11.6477000,0.0002450,-0.0002450
EPIC 201615463 c,K2-166,1,Transit,2019,3.80464000,0.00091000,-0.00105000,0,,,,,12h20m45.14s,185.1880932,+02d16m56.56s,2.2823788,476.8820000,9.6920000,-9.3210000,12.0810000,0.0460000,-0.0460000,10.6370000,0.0220000,-0.0220000,11.9456000,0.0002360,-0.0002360
EPIC 201754305 d,K2-16,1,Transit,2019,2.71578000,0.00031000,-0.00031000,0,,,,,11h40m23.33s,175.0972238,+04d33m26.75s,4.5574311,334.9670000,4.1785000,-4.1785000,14.6680000,0.1370000,-0.1370000,12.0870000,0.0230000,-0.0230000,14.3234000,0.0003590,-0.0003590
EPIC 201757695.02,EPIC 201757695,1,Transit,2020,2.04780000,0.00010000,-0.00010000,0,0.029600,0.000500,-0.000500,0,11h35m45.24s,173.9385102,+04d36m59.15s,4.6164303,,,,14.9740000,0.1370000,-0.1370000,12.1490000,0.0260000,-0.0260000,,,
EPIC 201833600 c,K2-50,1,Transit,2019,3.96151000,0.00046000,-0.00051000,0,,,,,11h17m56.08s,169.4836540,+05d59m17.84s,5.9882890,257.4430000,3.2390000,-3.2390000,14.7050000,0.1600000,-0.1600000,11.6640000,0.0230000,-0.0230000,14.2575000,0.0005130,-0.0005130
EPIC 201841433 b,EPIC 201841433,1,Transit,2019,4.16980000,0.00010000,-0.00010000,0,0.035000,0.000900,-0.001000,0,11h40m49.62s,175.2067520,+06d08m05.33s,6.1348146,436.4880000,8.1780010,-7.8880000,14.9830000,0.1140000,-0.1140000,12.4540000,0.0300000,-0.0300000,14.5885000,0.0005100,-0.0005100
EPIC 205950854 c,K2-168,1,Transit,2019,8.05072200,0.00007500,-0.00003800,0,,,,,22h12m26.42s,333.1100738,-16d20m30.79s,-16.3418863,243.9350000,4.2390000,-4.0990000,12.3650000,0.0690000,-0.0690000,10.5490000,0.0240000,-0.0240000,12.0976000,0.0003050,-0.0003050
EPIC 206024342 b,EPIC 206024342,1,Transit,2019,4.50756000,0.00062000,-0.00060000,0,,,,,22h05m06.51s,331.2771441,-14d07m18.49s,-14.1218019,369.8880000,4.9900000,-4.8600000,13.0960000,0.0800000,-0.0800000,11.4870000,0.0230000,-0.0230000,12.9682000,0.0003840,-0.0003840
EPIC 206024342 c,EPIC 206024342,1,Transit,2021,0.91172400,0.00007600,-0.00007600,0,,,,,22h05m06.51s,331.2771441,-14d07m18.49s,-14.1218019,369.8880000,4.9900000,-4.8600000,13.0960000,0.0800000,-0.0800000,11.4870000,0.0230000,-0.0230000,12.9682000,0.0003840,-0.0003840
EPIC 206024342 d,EPIC 206024342,1,Transit,2021,14.64753100,0.00000410,-0.00000410,0,,,,,22h05m06.51s,331.2771441,-14d07m18.49s,-14.1218019,369.8880000,4.9900000,-4.8600000,13.0960000,0.0800000,-0.0800000,11.4870000,0.0230000,-0.0230000,12.9682000,0.0003840,-0.0003840
EPIC 206032309 b,EPIC 206032309,1,Transit,2019,2.87814000,0.00023000,-0.00026000,0,,,,,22h44m57.71s,341.2404563,-13d54m04.04s,-13.9011223,161.3650000,1.7930000,-1.7930000,17.8900000,0.2000000,-0.2000000,12.5380000,0.0260000,-0.0260000,16.0689000,0.0010700,-0.0010700
EPIC 206042996 b,EPIC 206042996,1,Transit,2019,5.29860000,0.00060000,-0.00060000,0,,,,,22h30m03.27s,337.5136198,-13d36m36.53s,-13.6101475,451.7690000,13.9760000,-13.1760000,16.5900000,1.1330000,-1.1330000,13.0710000,0.0330000,-0.0330000,15.9752000,0.0009690,-0.0009690
EPIC 206042996 c,EPIC 206042996,1,Transit,2021,0.35488400,0.00006300,-0.00006300,0,,,,,22h30m03.27s,337.5136198,-13d36m36.53s,-13.6101475,451.7690000,13.9760000,-13.1760000,16.5900000,1.1330000,-1.1330000,13.0710000,0.0330000,-0.0330000,15.9752000,0.0009690,-0.0009690
EPIC 206215704 b,EPIC 206215704,1,Transit,2019,2.25543600,0.00009100,-0.00009100,0,,,,,22h20m22.79s,335.0949721,-09d30m34.96s,-9.5097112,109.8880000,1.0800000,-1.0800000,17.8300000,0.2000000,-0.2000000,12.7670000,0.0290000,-0.0290000,16.1722000,0.0009790,-0.0009790
EPIC 206317286 b,EPIC 206317286,1,Transit,2019,1.58252000,0.00017000,-0.00018000,0,,,,,22h30m28.28s,337.6178427,-07d58m20.84s,-7.9724560,314.3500000,2.9360000,-2.8820000,14.0050000,0.0800000,-0.0800000,11.6350000,0.0250000,-0.0250000,13.7740000,0.0002990,-0.0002990
EPIC 206317286 c,EPIC 206317286,1,Transit,2022,17.51547200,0.00228800,-0.00296500,0,,,,,22h30m28.28s,337.6178427,-07d58m20.84s,-7.9724560,314.3500000,2.9360000,-2.8820000,14.0050000,0.0800000,-0.0800000,11.6350000,0.0250000,-0.0250000,13.7740000,0.0002990,-0.0002990
EPIC 211822797 b,EPIC 211822797,1,Transit,2016,21.17019630,0.00006620,-0.00006420,0,0.119500,0.010000,-0.025100,0,08h41m38.45s,130.4102091,+17d38m23.91s,17.6399744,186.1970000,1.3645000,-1.3645000,15.1330000,0.1600000,-0.1600000,11.4290000,0.0180000,-0.0180000,14.5263000,0.0003230,-0.0003230
EPIC 211945201 b,EPIC 211945201,1,Transit,2018,19.49221000,0.00066600,-0.00065300,0,0.149300,0.001500,-0.001500,0,09h06m17.81s,136.5741931,+19d24m07.40s,19.4020565,181.6900000,1.2950000,-1.2770000,10.1540000,0.0080000,-0.0080000,8.8370000,0.0200000,-0.0200000,10.0512000,0.0003720,-0.0003720
EPIC 212297394 b,EPIC 212297394,1,Transit,2019,2.28936300,0.00023200,-0.00025100,0,,,,,13h48m49.47s,207.2061241,-17d36m35.63s,-17.6098985,418.3950000,7.3530000,-7.1070000,14.6110000,0.1140000,-0.1140000,12.1860000,0.0230000,-0.0230000,14.1864000,0.0003910,-0.0003910
EPIC 212297394 c,EPIC 212297394,1,Transit,2016,5.21396500,0.00044200,-0.00044200,0,,,,,13h48m49.47s,207.2061241,-17d36m35.63s,-17.6098985,418.3950000,7.3530000,-7.1070000,14.6110000,0.1140000,-0.1140000,12.1860000,0.0230000,-0.0230000,14.1864000,0.0003910,-0.0003910
EPIC 212424622 b,EPIC 212424622,1,Transit,2019,18.09830000,0.00600000,-0.00580000,0,,,,,13h29m19.53s,202.3313765,-14d21m33.97s,-14.3594358,611.8040000,10.2850000,-9.9560000,13.4410000,0.1030000,-0.1030000,11.7750000,0.0210000,-0.0210000,13.2026000,0.0004130,-0.0004130
EPIC 212499991 b,EPIC 212499991,1,Transit,2019,34.88500000,0.01100000,-0.01000000,0,,,,,13h29m57.30s,202.4887520,-12d44m05.19s,-12.7347749,283.2900000,2.0430000,-2.0150000,13.6720000,0.0920000,-0.0920000,11.3660000,0.0230000,-0.0230000,13.3118000,0.0002500,-0.0002500
EPIC 212587672 b,EPIC 212587672,1,Transit,2019,15.28078000,0.00012100,-0.00011600,0,,,,,13h41m46.68s,205.4445125,-10d51m45.17s,-10.8625468,320.0700000,6.3920000,-6.1520000,12.4880000,0.0440000,-0.0440000,10.8570000,0.0210000,-0.0210000,12.2038000,0.0002550,-0.0002550
EPIC 212587672 c,EPIC 212587672,1,Transit,2016,23.22855500,0.00006800,-0.00007100,0,,,,,13h41m46.68s,205.4445125,-10d51m45.17s,-10.8625468,320.0700000,6.3920000,-6.1520000,12.4880000,0.0440000,-0.0440000,10.8570000,0.0210000,-0.0210000,12.2038000,0.0002550,-0.0002550
EPIC 212624936 b,EPIC 212624936,1,Transit,2021,0.57865700,0.00001600,-0.00001600,0,,,,,14h02m33.03s,210.6376171,-10d01m25.27s,-10.0236852,561.9290000,8.9130000,-8.6440000,13.9760000,0.1370000,-0.1370000,12.2920000,0.0270000,-0.0270000,13.8326000,0.0003120,-0.0003120
EPIC 212624936 c,EPIC 212624936,1,Transit,2021,11.81143700,0.00011000,-0.00011000,0,,,,,14h02m33.03s,210.6376171,-10d01m25.27s,-10.0236852,561.9290000,8.9130000,-8.6440000,13.9760000,0.1370000,-0.1370000,12.2920000,0.0270000,-0.0270000,13.8326000,0.0003120,-0.0003120
EPIC 212737443 b,EPIC 212737443,1,Transit,2019,13.60300000,0.00130000,-0.00130000,0,0.098000,0.004000,-0.004000,0,13h36m53.16s,204.2215065,-07d19m05.01s,-7.3180577,336.2500000,4.7430000,-4.6150000,14.8100000,0.1370000,-0.1370000,12.1600000,0.0240000,-0.0240000,14.4776000,0.0003860,-0.0003860
EPIC 212737443 c,EPIC 212737443,1,Transit,2019,65.55000000,0.00890000,-0.00890000,0,0.280000,0.006000,-0.006000,0,13h36m53.16s,204.2215065,-07d19m05.01s,-7.3180577,336.2500000,4.7430000,-4.6150000,14.8100000,0.1370000,-0.1370000,12.1600000,0.0240000,-0.0240000,14.4776000,0.0003860,-0.0003860
EPIC 220492298 b,EPIC 220492298,1,Transit,2021,0.76240600,0.00015000,-0.00015000,0,,,,,01h07m02.76s,16.7615005,+06d35m19.67s,6.5887980,624.5120000,14.9470000,-14.9470000,13.9910000,0.0920000,-0.0920000,12.1680000,0.0260000,-0.0260000,13.7756000,0.0003650,-0.0003650
EPIC 220554210 c,K2-282,1,Transit,2019,0.70531000,0.00003700,-0.00003700,0,,,,,00h53m43.72s,13.4321524,+07d59m43.05s,7.9952914,496.2890000,7.9020000,-7.6630000,14.2100000,0.1140000,-0.1140000,12.0020000,0.0210000,-0.0210000,13.8183000,0.0002780,-0.0002780
EPIC 220674823 b,EPIC 220674823,1,Transit,2016,0.57129200,0.00001200,-0.00001200,0,0.013260,0.000280,-0.000230,0,00h52m19.21s,13.0800239,+10d47m40.94s,10.7947051,244.5900000,3.0440000,-2.9720000,12.1010000,0.0310000,-0.0310000,10.3440000,0.0210000,-0.0210000,11.9535000,0.0002200,-0.0002200
EPIC 220674823 c,EPIC 220674823,1,Transit,2016,13.33970000,0.00096000,-0.00096000,0,0.108300,0.002300,-0.001800,0,00h52m19.21s,13.0800239,+10d47m40.94s,10.7947051,244.5900000,3.0440000,-2.9720000,12.1010000,0.0310000,-0.0310000,10.3440000,0.0210000,-0.0210000,11.9535000,0.0002200,-0.0002200
EPIC 228836835 b,EPIC 228836835,1,Transit,2021,0.72811300,0.00006300,-0.00006300,0,,,,,12h38m17.98s,189.5748998,-05d14m40.65s,-5.2446247,150.1240000,1.7990000,-1.7580000,16.7700000,0.2000000,-0.2000000,12.0200000,0.0270000,-0.0270000,15.4185000,0.0004730,-0.0004730
EPIC 229004835 b,EPIC 229004835,1,Transit,2023,16.14113200,0.00001900,-0.00001900,0,0.123700,0.001700,-0.001700,0,12h25m56.65s,186.4860415,-01d24m17.00s,-1.4047214,121.9710000,0.8790000,-0.8660000,10.2300000,0.0060000,-0.0060000,8.7250000,0.0230000,-0.0230000,10.0494000,0.0004210,-0.0004210
EPIC 246851721 b,EPIC 246851721,1,Transit,2018,6.18023500,0.00001400,-0.00001400,0,0.072290,0.000740,-0.000750,0,05h15m40.76s,78.9198197,+16d16m43.32s,16.2786991,372.6320000,19.4560000,-17.6440000,11.2370000,0.0200000,-0.0200000,9.8930000,0.0180000,-0.0180000,11.2549000,0.0014300,-0.0014300
EPIC 248847494 b,EPIC 248847494,1,Transit,2018,3650.00000000,1280.00000000,-1130.00000000,0,4.500000,1.000000,-1.000000,0,10h37m33.38s,159.3890808,+11d50m33.89s,11.8427484,551.8860000,12.7520000,-12.7520000,12.3530000,0.0800000,-0.0800000,10.1480000,0.0200000,-0.0200000,12.1722000,0.0002190,-0.0002190
EPIC 249893012 b,EPIC 249893012,1,Transit,2020,3.59510000,0.00030000,-0.00030000,0,0.047000,0.005000,-0.007000,0,15h12m59.58s,228.2482353,-16d43m28.73s,-16.7246474,321.2960000,4.1890000,-4.0850000,11.4290000,0.0220000,-0.0220000,9.7140000,0.0230000,-0.0230000,11.4019000,0.0004950,-0.0004950
EPIC 249893012 c,EPIC 249893012,1,Transit,2020,15.62400000,0.00100000,-0.00100000,0,0.130000,0.010000,-0.020000,0,15h12m59.58s,228.2482353,-16d43m28.73s,-16.7246474,321.2960000,4.1890000,-4.0850000,11.4290000,0.0220000,-0.0220000,9.7140000,0.0230000,-0.0230000,11.4019000,0.0004950,-0.0004950
EPIC 249893012 d,EPIC 249893012,1,Transit,2020,35.74700000,0.00500000,-0.00500000,0,0.220000,0.020000,-0.040000,0,15h12m59.58s,228.2482353,-16d43m28.73s,-16.7246474,321.2960000,4.1890000,-4.0850000,11.4290000,0.0220000,-0.0220000,9.7140000,0.0230000,-0.0230000,11.4019000,0.0004950,-0.0004950
FU Tau b,FU Tau,1,Imaging,2008,,,,,800.000000,,,0,04h23m35.40s,65.8974962,+25d03m02.42s,25.0506711,,,,,,,9.3240000,0.0240000,-0.0240000,15.2412000,0.0024420,-0.0024420
G 196-3 b,G 196-3,1,Imaging,2024,,,,,350.000000,1.000000,-1.000000,0,10h04m21.23s,151.0884754,+50d23m10.25s,50.3861806,21.7912000,0.0185500,-0.0185500,11.6720000,0.0770000,-0.0770000,7.1990000,0.0160000,-0.0160000,10.6123000,0.0004870,-0.0004870
G 264-012 b,G 264-012,1,Radial Velocity,2021,2.30538000,0.00031000,-0.00031000,0,0.022790,0.000610,-0.000610,0,21h46m41.27s,326.6719598,+66d48m13.85s,66.8038480,16.0090000,0.0104000,-0.0103000,13.0780000,0.0520000,-0.0520000,7.9860000,0.0200000,-0.0200000,11.7617000,0.0004000,-0.0004000
G 264-012 c,G 264-012,1,Radial Velocity,2021,8.05180000,0.00340000,-0.00340000,0,0.052500,0.001400,-0.001400,0,21h46m41.27s,326.6719598,+66d48m13.85s,66.8038480,16.0090000,0.0104000,-0.0103000,13.0780000,0.0520000,-0.0520000,7.9860000,0.0200000,-0.0200000,11.7617000,0.0004000,-0.0004000
G 9-40 b,G 9-40,1,Transit,2019,5.74600700,0.00000600,-0.00000600,0,0.038500,0.007800,-0.005300,0,08h58m52.52s,134.7188514,+21d04m29.27s,21.0747961,27.9276000,0.0451000,-0.0450000,13.8210000,0.0440000,-0.0440000,9.1900000,0.0180000,-0.0180000,12.7331000,0.0004400,-0.0004400
GJ 1002 b,GJ 1002,1,Radial Velocity,2022,10.34650000,0.02700000,-0.02700000,0,0.045700,0.001300,-0.001300,0,00h06m42.35s,1.6764641,-07d32m46.36s,-7.5462123,4.8486700,0.0030300,-0.0030400,,,,7.4390000,0.0210000,-0.0210000,11.7804000,0.0007510,-0.0007510
GJ 1002 c,GJ 1002,1,Radial Velocity,2022,21.20200000,0.01300000,-0.01300000,0,0.073800,0.002100,-0.002100,0,00h06m42.35s,1.6764641,-07d32m46.36s,-7.5462123,4.8486700,0.0030300,-0.0030400,,,,7.4390000,0.0210000,-0.0210000,11.7804000,0.0007510,-0.0007510
GJ 1061 b,GJ 1061,1,Radial Velocity,2020,3.20400000,0.00100000,-0.00100000,0,0.021000,0.001000,-0.001000,0,03h36m00.78s,54.0032486,-44d30m51.52s,-44.5143104,3.6727800,0.0008900,-0.0009000,12.7000000,0.2000000,-0.2000000,6.6100000,0.0210000,-0.0210000,10.9889000,0.0009450,-0.0009450
GJ 1061 c,GJ 1061,1,Radial Velocity,2020,6.68900000,0.00500000,-0.00500000,0,0.035000,0.001000,-0.001000,0,03h36m00.78s,54.0032486,-44d30m51.52s,-44.5143104,3.6727800,0.0008900,-0.0009000,12.7000000,0.2000000,-0.2000000,6.6100000,0.0210000,-0.0210000,10.9889000,0.0009450,-0.0009450
GJ 1061 d,GJ 1061,1,Radial Velocity,2020,13.03100000,0.02500000,-0.03200000,0,0.054000,0.001000,-0.001000,0,03h36m00.78s,54.0032486,-44d30m51.52s,-44.5143104,3.6727800,0.0008900,-0.0009000,12.7000000,0.2000000,-0.2000000,6.6100000,0.0210000,-0.0210000,10.9889000,0.0009450,-0.0009450
GJ 1132 b,GJ 1132,1,Transit,2015,1.62892911,0.00000029,-0.00000030,0,0.015700,0.000130,-0.000130,0,10h14m50.18s,153.7090696,-47d09m17.77s,-47.1549358,12.6130000,0.0070000,-0.0070000,13.6800000,0.2000000,-0.2000000,8.3220000,0.0270000,-0.0270000,12.1380000,0.0003870,-0.0003870
GJ 1132 c,GJ 1132,1,Radial Velocity,2018,8.92900000,0.01000000,-0.01000000,0,0.047600,0.001700,-0.001700,0,10h14m50.18s,153.7090696,-47d09m17.77s,-47.1549358,12.6130000,0.0070000,-0.0070000,13.6800000,0.2000000,-0.2000000,8.3220000,0.0270000,-0.0270000,12.1380000,0.0003870,-0.0003870
GJ 1148 b,GJ 1148,1,Radial Velocity,2010,41.38000000,0.00200000,-0.00100000,0,0.166000,0.001000,-0.001000,0,11h41m43.83s,175.4326081,+42d45m05.71s,42.7515862,11.0143000,0.0064000,-0.0065000,11.9390000,0.0480000,-0.0480000,6.8220000,0.0160000,-0.0160000,10.5769000,0.0005930,-0.0005930
GJ 1148 c,GJ 1148,1,Radial Velocity,2017,532.58000000,4.14000000,-2.52000000,0,0.912000,0.005000,-0.002000,0,11h41m43.83s,175.4326081,+42d45m05.71s,42.7515862,11.0143000,0.0064000,-0.0065000,11.9390000,0.0480000,-0.0480000,6.8220000,0.0160000,-0.0160000,10.5769000,0.0005930,-0.0005930
GJ 1151 c,GJ 1151,1,Radial Velocity,2023,389.70000000,5.40000000,-6.50000000,0,0.571400,0.005300,-0.006400,0,11h50m55.32s,177.7304866,+48d22m23.64s,48.3732334,8.0362500,0.0077200,-0.0077100,13.7600000,0.2000000,-0.2000000,7.6370000,0.0170000,-0.0170000,11.6938000,0.0004590,-0.0004590
GJ 1214 b,GJ 1214,1,Transit,2009,1.58040453,0.00000002,-0.00000002,0,0.015050,0.000110,-0.000110,0,17h15m19.54s,258.8313991,+04d57m38.45s,4.9606795,14.6427000,0.0372000,-0.0372000,15.1000000,0.2000000,-0.2000000,8.7820000,0.0200000,-0.0200000,13.0089000,0.0010610,-0.0010610
GJ 1252 b,GJ 1252,1,Transit,2020,0.51823310,0.00000840,-0.00000840,0,,,,,20h27m42.88s,306.9286462,-56d27m44.23s,-56.4622865,20.3730000,0.0192000,-0.0192000,12.6800000,0.2000000,-0.2000000,7.9150000,0.0230000,-0.0230000,11.2364000,0.0008060,-0.0008060
GJ 1265 b,GJ 1265,1,Radial Velocity,2018,3.65110000,0.00120000,-0.00120000,0,0.026000,0.001000,-0.001000,0,22h13m43.79s,333.4324675,-17d41m13.42s,-17.6870623,10.2525000,0.0075000,-0.0076000,14.0100000,0.2000000,-0.2000000,8.1150000,0.0180000,-0.0180000,12.0807000,0.0005580,-0.0005580